	906918
TTGAGG	489
CTTGTG	476
TGGCTA	345
CTCGAT	321
TATCCG	311
GGAAGA	301
GATCCT	219
TACTGC	207
GAGGAA	197
ACCGTA	189
TTCGTG	171
ACATGG	165
AGGTAC	165
GAACGT	163
AACCAG	153
CTGACT	152
TACCAC	151
CTGATC	150
ATCGAG	149
AACGTG	145
TACCGA	142
GATAGG	137
CTACAC	135
TGGTAG	135
TGGACT	128
ATGGTG	127
CTGTGT	124
GGATCA	123
GAGACT	122
TTCGGA	122
ACCACA	121
TAGCTC	119
ATTCCG	117
TCAACC	114
TGTTCG	114
TAACGG	111
AGGTGA	107
TGCTAC	106
TAAGCG	103
AGGATC	102
GGACAT	98
TCGATC	98
ATGCGT	97
TGACGA	96
AGATCG	95
TAGAGC	93
TTCGAC	92
AACTGG	88
AGCTGT	86
TCTGTG	82
CCTGAT	81
TGCGTA	81
ACTCGT	79
AGAAGG	78
ACTTGC	76
CTCTTC	76
GAGGTT	76
TCAGAG	75
CTGTTG	74
GATCGA	74
TACTCG	74
GAATGG	73
TAGCAG	73
TACACC	72
TGTTGC	72
AACAGC	67
ATGACG	67
GACGAT	67
GAGATC	67
AGGAGT	66
GAGAAG	66
ACCATC	64
AGTCCT	64
CTAAGC	64
GGAACT	64
ACTAGG	63
AAGCAC	61
TCTGAC	61
AATGCG	59
GAGTTG	59
ACTCTG	58
GAGCAT	58
ACACCT	57
GACTTC	57
GAGTGT	57
AGGCAA	55
CTTCGA	55
TCGTAC	55
AGACTG	54
CTATGG	54
TCGTTG	54
TGCATC	54
ACAAGC	53
ACGCTA	53
AAGGCA	52
AGAGGA	51
CTATCC	51
TATGCC	51
TTCAGC	51
AACACG	50
AGAGTC	50
ATGTCC	50
TGTAGG	50
AGTTGG	49
GATGGT	49
TAGTCC	49
ACGACT	48
GACCAA	47
TTGGTC	47
GGATAG	46
TCTAGC	46
ATGGAC	45
TCGAGT	45
TGCAAG	45
CTGAAG	43
TGCCTT	43
TGGTGT	43
ACCGAT	42
TCCTAG	41
AAGGAG	40
AGCAGA	40
CTTACC	40
TACGTC	40
TCAGCT	40
TGCTGA	39
TGTGTC	39
AGTACG	38
TTACCG	38
TTACGC	38
CTCCTT	37
GAGTAC	37
TCTCTC	37
TGCGAT	37
TTGCGA	37
AGTGAC	36
ATAGGC	36
CTGTCA	36
ACGATG	35
GATTCG	35
TCTCGA	35
AAGACC	34
CCTCAA	34
TGACTC	34
ATGCAG	33
CTGCAT	33
GATGCA	33
TAAGGC	33
TGGAGA	33
TTCCAG	33
TTCCGT	33
AGACGT	32
AGCATG	32
CTAGAG	32
CTTGCA	32
GGATGT	32
TAGGAC	32
AAGTCG	31
ATTGCC	31
TCCGTT	31
TCTCAG	31
ACAACG	30
AGAGAG	30
AGCCTA	30
TCCAGA	30
TTCTGG	30
AGCCAT	29
GACTCT	29
TACGCA	29
TGTACC	29
GAACTG	28
GACATG	28
TCACTG	28
TTGGAG	28
AGCAAC	27
CTCAGT	27
GACACA	27
TCACCA	27
TCGCTT	27
TGGTTC	27
TGTCCA	27
GGAATG	26
TGTGGA	26
AGGCTT	25
AGTGCA	25
AGTTCC	25
CCTTCT	25
CTGCTA	25
ACCAAG	24
AGTGGT	24
CTCACA	24
CTTCAG	24
GAACAC	24
TATCGC	24
TGAGGT	24
TGGAAC	24
AAGGTC	23
TCAGTC	23
TGACAG	23
TGTGCT	23
ATCTCG	22
CCTTAC	22
CTAACG	22
CTTGGT	22
ACGTGT	21
AGCTAG	21
TGGTCA	21
AACTCC	20
AGGACA	20
ATGTGG	20
CTTCTC	20
TAGGCT	20
TCTACG	20
TGAGTG	20
TTCACG	20
ACCTCT	19
ATCGCA	19
TGAGAC	19
GAAGGA	18
TCAGGA	18
TTGACC	18
AAGCTG	17
CCTGTA	17
CTCTCT	17
AGAACC	16
AGGTTA	16
CTACTG	16
TCAAGG	16
ATCCGA	15
AAGTGC	14
TAGGTG	14
TGCTCT	14
TGTCAC	14
TTGTGC	14
ACCTAC	13
ACGAAC	13
ATCGTC	13
CCTCTT	13
GACAAC	13
TCTCCT	13
TGTCGT	13
TTAGCC	13
A	12
AGGAAG	12
TCTGGT	12
TCTTGG	12
TGCTTG	12
AGAGCT	11
ATCCTG	11
ACCTTG	10
AGCACT	10
CTGGAA	10
TGACCT	10
ACTGTC	9
ATCTGC	9
CCTTGA	9
TCATGC	9
TCGACA	9
AACCGT	8
ATACGG	8
TCGTGA	8
AGTCGA	7
CTAGTC	7
GAAGCT	7
GACCTT	7
AACCTC	6
AGCTTC	6
CTCTGA	6
CTGGTT	6
TCATCG	6
TCTTCC	6
TTGAGT	6
AACGCT	5
AAGCCT	5
ACGTTC	5
AGGCTA	5
ATCGGT	5
GAATGT	5
GATAGT	5
GGACTA	5
TAACAG	5
TATACG	5
TGATGG	5
TT	5
ACAGTG	4
ACGGTT	4
AGGTAG	4
CTCAAC	4
CTGAGG	4
TACCGC	4
TACTGA	4
TAGAGG	4
TCGAGG	4
TCGCAA	4
TTCGTA	4
TTGGGG	4
AA	3
AACGAG	3
AACGTA	3
ACAGTA	3
AGAGAC	3
AGCAAG	3
AGCATC	3
AGTTCG	3
AGTTCT	3
ATGACT	3
ATGAGG	3
CATGTG	3
CTCCTC	3
CTCGAA	3
CTTGAG	3
CTTGTT	3
GACCAG	3
GACTAG	3
GAGCGT	3
GAGTCA	3
TAACGT	3
TACGTA	3
TACGTG	3
TATCCT	3
TATCGG	3
TATGCG	3
TCCACT	3
TCCGAC	3
TCCTTC	3
TCGAC	3
TGATCC	3
TGCGTT	3
TTCCTC	3
TTCGCT	3
TTCGTT	3
TTGAAG	3
TTGATG	3
TTGCTG	3
AACATG	2
AACGCG	2
AACTCG	2
AAGGGG	2
AAGGTA	2
ACAACC	2
ACAAGG	2
ACACG	2
ACATTG	2
ACC	2
ACCAGG	2
ACCATA	2
ACCGAA	2
ACGACA	2
AGATC	2
AGCACG	2
AGCGTA	2
AGCTGA	2
AGGACT	2
AGGCAC	2
AGTTGT	2
ATCAGC	2
ATCGGA	2
ATCTAG	2
ATGAGT	2
ATGGAG	2
ATGGCC	2
ATGGTA	2
ATTGAC	2
ATTTCC	2
CAGAGC	2
CCCGAT	2
CCCGTA	2
CCGTGT	2
CCTCTC	2
CCTGAA	2
CCTGTG	2
CGAAGA	2
CGACGA	2
CTAACT	2
CTACCC	2
CTCGGT	2
CTCTAG	2
CTGATT	2
CTGCTG	2
CTGGCT	2
CTGTTT	2
GAACGA	2
GAGACA	2
GAGACC	2
GAGCAC	2
GAGTGG	2
GATACT	2
GATGAC	2
GATTGG	2
GGAAAA	2
GGAAGG	2
GGAGGA	2
GGCACA	2
GGGAAG	2
GGGACT	2
GGGAGA	2
TACCCG	2
TACTCC	2
TAGCTA	2
TAGTAG	2
TATCAC	2
TCACTT	2
TCCTCA	2
TCGCTG	2
TCTGAG	2
TGACGG	2
TGCACC	2
TGCCAC	2
TGGCGA	2
TGGCTG	2
TGGTAT	2
TGTAGC	2
TGTTAG	2
TGTTGG	2
TTACAC	2
TTAGTG	2
TTCCTG	2
TTGTGG	2
TTTAGG	2
TTTCCG	2
AAAAGG	1
AAACGG	1
AAAGCT	1
AAAGTA	1
AACAAT	1
AACACA	1
AACACC	1
AACAG	1
AACAGA	1
AACATC	1
AACCAC	1
AACCGA	1
AACGGC	1
AACGGT	1
AACGTT	1
AACTGA	1
AACTGC	1
AAGACT	1
AAGAGT	1
AAGCCG	1
AAGGCG	1
AAGGCT	1
AAGTTG	1
AATAGG	1
AATCAG	1
AATCCG	1
AATGAG	1
AATTCC	1
AATTCG	1
AATTGG	1
ACAAAT	1
ACAACA	1
ACAGCA	1
ACAGCG	1
ACAGCT	1
ACATCG	1
ACATGT	1
ACCAAT	1
ACCACC	1
ACCCCT	1
ACCGAG	1
ACCGCA	1
ACCGGT	1
ACCGTC	1
ACCGTT	1
ACGAGA	1
ACGTCC	1
ACGTTA	1
ACTACA	1
ACTAGT	1
ACTCCT	1
ACTCGA	1
ACTCTA	1
ACTGCC	1
ACTGGG	1
ACTTC	1
AGAACA	1
AGAAGT	1
AGACAG	1
AGACGA	1
AGACTC	1
AGACTT	1
AGAGCA	1
AGAGCC	1
AGAGGG	1
AGAGTG	1
AGAT	1
AGATCA	1
AGCAGG	1
AGCGTG	1
AGCTAA	1
AGCTAC	1
AGCTAT	1
AGCTCC	1
AGCTCT	1
AGGACC	1
AGGCAG	1
AGGCTC	1
AGGCTG	1
AGGTAA	1
AGGTGT	1
AGTCAA	1
AGTCAG	1
AGTCAT	1
AGTCG	1
AGTCGT	1
AGTCTG	1
AGTGCG	1
AGTGGA	1
AGTTCA	1
AGTTTG	1
ATAAGC	1
ATAGAG	1
ATAGTG	1
ATCACA	1
ATCATC	1
ATCCAG	1
ATCCCG	1
ATCGAA	1
ATCGAC	1
ATCGCG	1
ATCGTT	1
ATGATC	1
ATGCAT	1
ATGCGG	1
ATGGCA	1
ATGGGC	1
ATGTCG	1
ATGTGC	1
ATGTGT	1
ATTACG	1
ATTAGT	1
ATTCCT	1
ATTCTG	1
ATTGCA	1
ATTGTG	1
CA	1
CAACTC	1
CAATCC	1
CAATCG	1
CAC	1
CACAAT	1
CACCAC	1
CACCAT	1
CACCGA	1
CACGAT	1
CACGCA	1
CACTGC	1
CAGACT	1
CAGCAT	1
CATCCT	1
CATGAG	1
CATGCA	1
CATGG	1
CCCACA	1
CCCCAA	1
CCCGAA	1
CCCGTT	1
CCCTCT	1
CCGACT	1
CCGAT	1
CCGTA	1
CCGTTG	1
CCTAAT	1
CCTACT	1
CCTCCA	1
CCTCTG	1
CCTGAC	1
CCTTGC	1
CGACAG	1
CGCATC	1
CGCCTT	1
CGCTCT	1
CGGTAG	1
CGTCGA	1
CGTGCT	1
CTACGC	1
CTAGAT	1
CTAGG	1
CTAGGC	1
CTATAC	1
CTATCG	1
CTATGT	1
CTCACC	1
CTCAGC	1
CTCATC	1
CTCGAC	1
CTCGCT	1
CTCGGA	1
CTCGTC	1
CTCGTT	1
CTCTAT	1
CTCTTT	1
CTGACA	1
CTGCA	1
CTGCAA	1
CTGCCT	1
CTGCGT	1
CTGTCC	1
CTGTCT	1
CTGTGA	1
CTGTGC	1
CTGTGG	1
CTTACT	1
CTTATG	1
CTTCAT	1
CTTCCA	1
CTTGCT	1
GA	1
GAACCT	1
GAACGC	1
GAACTT	1
GAAGAG	1
GAATAC	1
GAATCG	1
GACATT	1
GACCAC	1
GACCCT	1
GACCGA	1
GACGAC	1
GACGCA	1
GACGGT	1
GACGTT	1
GACTAT	1
GACTCC	1
GACTGT	1
GAGAAT	1
GAGAGG	1
GAGAGT	1
GAGCAA	1
GAGGAT	1
GAGGCT	1
GAGGTC	1
GAGTAT	1
GAGTGA	1
GAGTGC	1
GATATC	1
GATATG	1
GATCCC	1
GATCGT	1
GATGAT	1
GATGGG	1
GATTCA	1
GCATGG	1
GCCACA	1
GCCATC	1
GCCCAA	1
GCGACT	1
GCGTGT	1
GCTCCT	1
GCTCTG	1
GGA	1
GGAACA	1
GGAAGT	1
GGACAG	1
GGACCT	1
GGACGT	1
GGACTT	1
GGAGAA	1
GGATAT	1
GGATCC	1
GGATCG	1
GGCGAT	1
GGGATC	1
GGGGGA	1
GGGTGA	1
GGTACT	1
GGTAGA	1
GGTATG	1
GGTCAT	1
GGTCCT	1
GGTTA	1
GGTTGG	1
GT	1
GTATGG	1
GTC	1
GTGGAC	1
GTGTCC	1
GTGTGG	1
GTTGTT	1
TAAAAG	1
TAAAGC	1
TAACCG	1
TAACGA	1
TAAGCT	1
TAAGTC	1
TACATC	1
TACCAA	1
TACCCC	1
TACCCT	1
TACCG	1
TACCTC	1
TACGCC	1
TACTCT	1
TACTTC	1
TAG	1
TAGAAC	1
TAGCAA	1
TAGCAT	1
TAGCCC	1
TAGCTT	1
TAGGCG	1
TAGGGC	1
TAGTC	1
TAGTCA	1
TATCAG	1
TATCGA	1
TATCTG	1
TATGCA	1
TCAAAG	1
TCAACT	1
TCAAGC	1
TCACAG	1
TCACCG	1
TCAGAA	1
TCAGAC	1
TCAGAT	1
TCATCC	1
TCCACC	1
TCCGTA	1
TCCGTC	1
TCCGTG	1
TCCTAA	1
TCCTGG	1
TCGGGT	1
TCGGTC	1
TCGGTG	1
TCGTA	1
TCGTCG	1
TCGTTC	1
TCGTTT	1
TCTAC	1
TCTATC	1
TCTATG	1
TCTCCC	1
TCTGAT	1
TCTGTC	1
TCTTCG	1
TCTTGT	1
TGAAGG	1
TGACAA	1
TGAGG	1
TGAGGA	1
TGAGTT	1
TGATCA	1
TGC	1
TGCATT	1
TGCCGA	1
TGCGAG	1
TGCGCG	1
TGCGTC	1
TGCGTG	1
TGCTA	1
TGCTAG	1
TGCTCA	1
TGCTGC	1
TGGAC	1
TGGATA	1
TGGCAG	1
TGGCTC	1
TGGGCA	1
TGGGTA	1
TGGTA	1
TGTAAC	1
TGTACG	1
TGTAGA	1
TGTCCG	1
TGTCCT	1
TGTCGA	1
TGTCTA	1
TGTGGG	1
TGTTGA	1
TTAAGC	1
TTACG	1
TTACGA	1
TTAGAC	1
TTAGCT	1
TTAGGA	1
TTCA	1
TTCAC	1
TTCATG	1
TTCGCC	1
TTCGGC	1
TTCTG	1
TTCTGT	1
TTGACT	1
TTGAGA	1
TTGATC	1
TTGCGC	1
TTGCTA	1
TTGGCC	1
TTTATG	1
TTTCAG	1
TTTCGA	1
TTTGTA	1
