	45127
TGGCTA	20
TTGAGG	20
CTTGTG	18
CTCGAT	17
GGAAGA	16
ACCGTA	15
GATCCT	13
AACCAG	12
ATGGTG	12
CTGACT	12
AACGTG	11
GAGGAA	11
TACTGC	11
TTCGTG	11
ACATGG	9
ACTCGT	9
ATTCCG	9
GAGACT	9
TATCCG	9
TGCGTA	9
TGGTAG	9
TTCGAC	9
AGATCG	8
AGGTAC	8
CTGATC	8
GATCGA	8
TAAGCG	8
TAGCTC	8
TGCTAC	8
TTCGGA	8
ACGCTA	7
AGAGTC	7
AGGTGA	7
GAACGT	7
GGATCA	7
TACCGA	7
TCAACC	7
TCGTTG	7
TGGACT	7
AAGCAC	6
ACCACA	6
ATGCAG	6
TGTAGG	6
AACTGG	5
ACACCT	5
ACGTGT	5
AGCTGT	5
AGGCAA	5
AGTGAC	5
ATCGAG	5
ATGACG	5
CTGTGT	5
GAGGTT	5
GAGTGT	5
TAACGG	5
TCGTAC	5
ACGAAC	4
AGAGGA	4
CTAAGC	4
CTGCAT	4
CTGTCA	4
GACATG	4
GAGATC	4
GATAGG	4
GGATAG	4
TACACC	4
TACTCG	4
TAGCAG	4
TCAGAG	4
TCAGTC	4
TCCGTT	4
TCGATC	4
TGACGA	4
TGTTCG	4
TTCTGG	4
AACACG	3
AACAGC	3
AATGCG	3
ACAACG	3
ACCAAG	3
ACGACT	3
ACTAGG	3
AGACTG	3
AGCAGA	3
AGCTAG	3
AGGAGT	3
AGGATC	3
CTAGAG	3
CTCTTC	3
CTGTTG	3
CTTGGT	3
GAACTG	3
GAAGGA	3
GAATGG	3
GACCAA	3
GAGCAT	3
GGAATG	3
GGACAT	3
TACCAC	3
TAGAGC	3
TATCGC	3
TCAGCT	3
TCGAGT	3
TCTGAC	3
TGATGG	3
TGCCTT	3
TGCTGA	3
TGTCCA	3
TTACCG	3
TTCCAG	3
TTGGAG	3
AAGGAG	2
AAGGCA	2
AAGTCG	2
ACAAGC	2
ACCATC	2
ACCGAT	2
ACCTTG	2
ACTCTG	2
ACTGTC	2
AGAGAG	2
AGGAAG	2
AGTACG	2
AGTCCT	2
AGTGCA	2
ATCCGA	2
ATCGGT	2
ATTGCC	2
CCTCAA	2
CCTGAT	2
CCTTGA	2
CTACAC	2
CTATCC	2
CTATGG	2
CTCACA	2
CTCTGA	2
GAGTAC	2
GATGGT	2
GGAACT	2
TAAGGC	2
TAGGAC	2
TAGGCT	2
TAGTCC	2
TCCAGA	2
TCTCGA	2
TCTGTG	2
TGCGAT	2
TGTCAC	2
TGTTGC	2
TTCAGC	2
TTCCGT	2
TTGGTC	2
AACCGC	1
AAGACC	1
AAGAGT	1
AAGCCT	1
AAGGTC	1
AATCAG	1
AATCCG	1
AATGCT	1
ACCACC	1
ACCCCA	1
ACCTAC	1
ACGATG	1
ACTTGC	1
AGAACC	1
AGAAGC	1
AGATAG	1
AGCACT	1
AGCATG	1
AGCCAT	1
AGCCTA	1
AGCGTA	1
AGCTAT	1
AGTGGT	1
AGTTCC	1
ATAGGC	1
ATCGCA	1
ATCGCC	1
ATGCGT	1
ATGTCC	1
ATGTGG	1
ATTGCG	1
CCTCTA	1
CCTGGT	1
CCTGTG	1
CGCCAT	1
CTACTG	1
CTAGTC	1
CTCCAG	1
CTCCTT	1
CTCTCT	1
CTGAAG	1
CTGATA	1
CTTCAG	1
CTTCTC	1
CTTGCA	1
GACACA	1
GACCGA	1
GACGAT	1
GACTCT	1
GACTTC	1
GAGAAG	1
GAGTTG	1
GATGCA	1
GATTCG	1
GGACTA	1
GGTCCT	1
TACGCA	1
TACGTC	1
TATGCC	1
TATGTC	1
TCTACG	1
TCTAGC	1
TCTATC	1
TCTCCT	1
TCTCT	1
TCTCTC	1
TCTGGT	1
TCTTGT	1
TGACAG	1
TGACTC	1
TGAGAC	1
TGCAAG	1
TGCATC	1
TGCTCT	1
TGCTTG	1
TGGAAC	1
TGGAGA	1
TGGATC	1
TGGTTC	1
TGTACC	1
TGTGCT	1
TTAGCC	1
TTCACG	1
TTCGCG	1
TTGCGA	1
TTGGGG	1
